"cowcode","country","year","constage","constlength","humanrights","freepress","politicalrights","civilliberties","corruption","conflict","polity","pacl","systemofgov","war","civilwar","population","gdppc","gdpgrowth","inv","gov","inflation","resourcerents","faid","polcon","iccpr","icescr","british","french","spanish","other","commonlaw","eu","region"
"1",700,"Afghanistan",2008,4,10227,-1.47248435020447,0.28999999165535,17,17,1.2,3562,NA,0,"Civilian Dictatorship",0,1,27658.890625,893.71433401,-0.000517423206474632,23.424213857,17.527417136,19.6434631347656,3.08912706375122,4065.0400390625,0,1,0,0,0,0,0,0,0,"E. Europe/Post-Soviet"
"2",339,"Albania",2008,10,13826,1.20575499534607,0.5,26,39,3.7,0,9,1,"Parliamentary",0,0,2984.12109375,6607.9235159,0.119506925344467,36.295298316,7.06466811,4.36090469360352,2.85309529304504,266.380004882812,0.493358016014099,1,0,0,0,0,1,0,0,"E. Europe/Post-Soviet"
"3",615,"Algeria",2008,45,10038,0.0503795333206654,0.379999995231628,11,25,3.7,0,2,0,"Civilian Dictatorship",0,1,33769.66796875,6180.3833172,0.0113099627196789,38.620024665,13.515368821,14.6021795272827,41.1969947814941,234.229995727539,0.646339416503906,1,1,0,1,0,0,0,0,"Middle East/N. Africa"
"4",232,"Andorra",2008,15,8740,4.01647996902466,0.870000004768372,39,57,7.3,0,NA,1,"Parliamentary",0,0,NA,NA,NA,NA,NA,3.18509864807129,0,NA,0.38802644610405,0,0,0,0,0,0,0,0,"W. Europe/U.S./Canada"
"5",540,"Angola",2008,33,12181,-0.437292486429214,0.370000004768372,8,21,2.1,0,-2,0,"Civilian Dictatorship",0,0,12531.357421875,4968.904251,0.11292988806963,30.872902084,18.308339341,19.6951389312744,67.4580688476562,210.600006103516,0.373351991176605,1,0,0,0,0,1,0,0,"Sub-Saharan Africa"
"6",58,"Antigua and Barbuda",2008,27,38464,1.97732067108154,0.610000014305115,30,47,7.3,0,NA,1,"Parliamentary",0,0,84.5220031738281,16801.86194,-0.0489119552075863,44.590192544,40.2042101,3.81024789810181,0,1.47000002861023,0.31374117732048,0,0,1,0,0,0,1,0,"Latin America"
"7",160,"Argentina",2008,25,12514,0.804000437259674,0.529999971389771,32,48,3.7,625,8,1,"Presidential",0,0,40481.99609375,11483.1906,0.0436552204191685,24.48248742,5.0608956723,19.0684509277344,11.2902746200562,88.1500015258789,0.160075113177299,1,1,0,0,1,0,0,0,"Latin America"
"8",371,"Armenia",2008,13,13786,0.161644220352173,0.340000003576279,14,28,3.5,250,5,1,"Semi-Presidential",0,0,2968.5859375,5628.6753857,0.0240009799599648,28.46541028,6.0684961025,5.98956251144409,0.845406174659729,214.919998168945,0.466690003871918,1,0,0,0,0,1,0,0,"E. Europe/Post-Soviet"
"9",900,"Australia",2008,107,17318,2.14473843574524,0.790000021457672,39,57,8.8,0,10,1,"Parliamentary",0,0,21007.310546875,40392.461094,0.00243793078698218,32.458859729,6.05059075,4.6119556427002,8.61051750183105,0,0.358358979225159,1,1,1,0,0,0,1,0,"Oceania"
"10",305,"Austria",2008,63,41366,1.60454428195953,0.790000021457672,40,58,8.3,250,10,1,"Semi-Presidential",0,0,8205.533203125,39335.564725,0.0146890040487051,24.02306906,6.2083007955,1.76374197006226,0.471377104520798,0,0.417928546667099,1,1,0,0,0,0,0,1,"W. Europe/U.S./Canada"
"11",373,"Azerbaijan",2008,13,15616,0.0233175475150347,0.230000004172325,10,21,2.5,0,-7,0,"Civilian Dictatorship",0,0,8177.716796875,8062.6945982,0.0983218103647232,23.38474265,4.0308274044,27.730152130127,67.2471694946289,152.160003662109,0,1,0,0,0,0,1,0,0,"E. Europe/Post-Soviet"
"12",31,"Bahamas",2008,35,41835,1.1505138874054,0.800000011920929,38,58,7.4,0,NA,1,"Parliamentary",0,0,304.726989746094,32256.735826,-0.0317240692675114,28.089034552,7.5787968704,2.21270537376404,NA,NA,0.333350002765656,0,0,1,0,0,0,1,0,"Latin America"
"13",692,"Bahrain",2008,6,10806,1.32761085033417,0.28999999165535,15,22,5.5,0,-7,0,"Royal Dictatorship",0,0,1107.2919921875,24572.641116,0.0235082991421223,48.581387597,2.989299338,11.5412254333496,40.8324546813965,NA,0,1,0,1,0,0,0,1,0,"Middle East/N. Africa"
"14",771,"Bangladesh",2008,22,27643,-1.2573184967041,0.319999992847443,12,28,2.3,625,-6,0,"Civilian Dictatorship",0,0,151289.984375,1231.2335461,0.0528559461236,22.649953092,4.3072928781,8.78910160064697,7.88200426101685,773.760009765625,0,1,0,1,0,0,0,1,0,"South Asia"
"15",53,"Barbados",2008,42,34144,1.39830112457275,0.810000002384186,40,59,7.3,0,NA,1,"Parliamentary",0,0,283.497985839844,30097.967889,0.00509754382073879,25.622821427,5.9176018362,7.46277093887329,0,1.18999993801117,0.24667900800705,1,0,1,0,0,0,1,0,"Latin America"
"16",370,"Belarus",2008,14,13278,0.163755983114243,0.0900000035762787,3,10,3,0,-7,0,"Civilian Dictatorship",0,0,9685.767578125,12072.031363,0.109845817089081,28.082005434,5.7546784085,21.1604919433594,2.33364176750183,76.2200012207031,0,1,1,0,0,0,1,0,0,"E. Europe/Post-Soviet"
"17",211,"Belgium",2008,177,16119,1.98788595199585,0.889999985694885,39,58,7.4,500,8,1,"Parliamentary",0,0,10403.951171875,36178.367196,0.00841077137738466,28.276759837,6.3466499177,2.15704846382141,0.0329230092465878,0,0.706929564476013,1,1,0,0,0,0,0,1,"W. Europe/U.S./Canada"
"18",80,"Belize",2008,27,39629,1.01175427436829,0.779999971389771,36,51,4,0,NA,1,"Parliamentary",0,0,301.269989013672,9268.3762589,0.00724360067397356,29.357168678,14.806139716,2.73299431800842,0.272444605827332,4.6399998664856,0.253345996141434,1,0,1,0,0,0,1,0,"Latin America"
"19",434,"Benin",2008,18,11386,0.70114654302597,0.689999997615814,33,49,3.7,0,7,1,"Presidential",0,0,8532.546875,1182.5947429,0.0118004335090518,20.231105386,8.2881398853,7.12100553512573,1.9616162776947,302.029998779297,0.513359010219574,1,0,0,1,0,0,0,0,"Sub-Saharan Africa"
"20",760,"Bhutan",2008,0,13632,1.20522856712341,0.389999985694885,11,23,6.1,0,3,1,"Parliamentary",0,0,682.320983886719,3406.7232609,-0.0253262985497713,30.035965745,24.306642234,5.69320392608643,11.4568376541138,50.8699989318848,0,0,0,0,0,0,0,1,0,"South Asia"
"21",145,"Bolivia",2008,41,18530,0.831290245056152,0.610000014305115,29,41,3.6,1375,8,1,"Presidential",0,0,9601.2568359375,3614.0238971,0.0328153520822525,11.859833279,7.1880705555,10.3811817169189,41.6329956054688,492.169982910156,0.396102547645569,1,0,0,0,1,0,0,0,"Latin America"
"22",346,"Bosnia and Herzegovina",2008,13,5230,1.27305197715759,0.550000011920929,23,39,3.9,0,NA,0,"Civilian Dictatorship",0,0,4590.31005859375,6022.2823148,0.0623204745352268,25.769400808,7.3041266554,7.66072559356689,2.14409947395325,330.639984130859,NA,1,0,0,0,0,1,0,0,"E. Europe/Post-Soviet"
"23",571,"Botswana",2008,42,30713,1.35416352748871,0.639999985694885,31,48,6.6,0,8,0,"Military Dictatorship",0,0,1952.04797363281,10856.78851,0.0346144624054432,47.809325339,9.7213477009,17.6894092559814,5.02872037887573,674.210021972656,0.24667900800705,1,0,1,0,0,0,1,0,"Sub-Saharan Africa"
"24",140,"Brazil",2008,20,64488,-0.907022595405579,0.579999983310699,31,45,4.5,125,8,1,"Presidential",0,0,196342.59375,8087.7807027,0.0381161831319332,23.269675661,10.111051786,8.32810211181641,7.15244579315186,380.220001220703,0.414197504520416,1,0,0,0,0,1,0,0,"Latin America"
"25",835,"Brunei",2008,49,13869,3.0617618560791,0.25,7,23,5.6,0,NA,0,"Royal Dictatorship",0,0,381.371002197266,44360.46798,-0.0732199549674988,17.450935893,25.049952749,12.6914415359497,NA,NA,0,0,0,1,0,0,0,1,0,"East Asia"
"26",355,"Bulgaria",2008,17,13641,0.983902096748352,0.670000016689301,36,49,4.2,0,9,1,"Semi-Presidential",0,0,7262.6748046875,10781.167757,0.0606409534811974,30.281919838,11.758144766,8.41565799713135,1.71040153503418,NA,0.533360004425049,1,1,0,0,0,1,0,1,"E. Europe/Post-Soviet"
"27",439,"Burkina Faso",2008,17,9000,0.502928972244263,0.589999973773956,17,36,3.8,437,0,0,"Military Dictatorship",0,0,15264.7353515625,911.20934942,0.0305732432752848,23.783442332,15.558554286,5.80379343032837,3.87603306770325,462.950012207031,0.306682020425797,1,0,0,1,0,0,0,0,"Sub-Saharan Africa"
"28",516,"Burundi",2008,3,17574,-0.955147445201874,0.259999990463257,22,23,2.6,1875,6,1,"Presidential",0,1,9139.314453125,398.45147898,0.0121893417090178,11.403689623,20.746371281,25.1242294311523,12.9971876144409,247.899993896484,0.467469394207001,1,0,0,0,0,1,0,0,"Sub-Saharan Africa"
"29",811,"Cambodia",2008,15,8936,-0.378668874502182,0.400000005960464,11,24,2.2,0,2,0,"Civilian Dictatorship",0,0,13957.0126953125,1792.6567649,0.0514607504010201,20.512005,7.3469438018,12.2537870407104,1.68415081501007,458.070007324219,0.380019009113312,1,0,0,1,0,0,0,0,"East Asia"
"30",471,"Cameroon",2008,36,8444,-0.382606208324432,0.349999994039536,9,16,2.7,125,-4,0,"Civilian Dictatorship",0,0,18467.69140625,1757.0413167,-0.013620650395751,17.126524485,7.3675592088,4.19787120819092,14.4288902282715,293.010009765625,0,1,0,0,1,0,0,1,0,"Sub-Saharan Africa"
"31",20,"Canada",2008,141,19565,1.92208409309387,0.819999992847443,40,59,8.8,562,10,1,"Parliamentary",0,0,33212.6953125,37749.211944,-0.00356921670027077,26.575896416,6.4086455227,4.10969018936157,7.99795961380005,0,0.313995331525803,1,0,1,1,0,0,1,0,"W. Europe/U.S./Canada"
"32",402,"Cape Verde",2008,28,29314,1.60133898258209,0.720000028610229,37,53,6.1,0,10,1,"Semi-Presidential",0,0,493.618988037109,3702.4926913,0.0665311068296432,63.180363749,11.693033609,2.48022627830505,0.00105630804318935,159.149993896484,0.346683979034424,1,0,0,0,0,1,0,0,"Sub-Saharan Africa"
"33",482,"Central African Republic",2008,0,10197,-1.14639043807983,0.389999985694885,17,23,2.7,0,-1,0,"Military Dictatorship",0,0,4641.31982421875,537.3255549,0.0170465707778931,9.2835312841,6.363563227,7.08342361450195,7.62286901473999,126.900001525879,0.120006002485752,1,0,0,1,0,0,0,0,"Sub-Saharan Africa"
"34",483,"Chad",2008,12,11768,-1.25560474395752,0.259999990463257,5,15,1.6,1875,-2,0,"Military Dictatorship",0,1,10111.3369140625,1180.9188183,-0.0259035471826792,16.587727528,35.872454117,11.9427080154419,53.3809394836426,273.889984130859,0,1,0,0,1,0,0,0,0,"Sub-Saharan Africa"
"35",155,"Chile",2008,28,25649,1.32326591014862,0.699999988079071,39,58,7.3,0,10,1,"Presidential",0,0,16454.142578125,12429.456682,0.0377288162708282,31.710624859,3.7650326458,0.237785518169403,20.8149700164795,82.9700012207031,0.537428140640259,1,1,0,0,1,0,0,0,"Latin America"
"36",710,"China",2008,26,10960,-1.32375621795654,0.159999996423721,2,16,3.7,2500,-7,0,"Civilian Dictatorship",0,0,1317065.625,6500.1785005,0.0915075540542603,34.333528148,15.914954135,7.79785108566284,3.76179003715515,1368.88000488281,0,1,1,0,0,0,0,0,0,"East Asia"
"37",100,"Colombia",2008,17,46902,-1.59468424320221,0.409999996423721,26,35,4.1,3125,7,1,"Presidential",0,1,43141.109375,7355.5661646,0.020818242803216,24.388423561,6.373682134,7.76853179931641,9.58596515655518,893.929992675781,0.404494673013687,1,1,0,0,1,0,0,0,"Latin America"
"38",581,"Comoros",2008,7,3992,1.49148309230804,0.46000000834465,23,30,3,0,9,1,"Presidential",0,0,731.775024414062,872.69751441,-0.0402220897376537,17.778931652,25.015839788,5.50598430633545,1.07025706768036,20.8800010681152,0.100004985928535,0,0,0,1,0,0,0,0,"Sub-Saharan Africa"
"39",484,"Congo",2008,7,9970,0.36906224489212,0.490000009536743,8,24,2.2,125,-4,0,"Military Dictatorship",0,0,3905.01000976562,2077.5865057,0.0425011813640594,31.073558052,9.4611045652,25.0585174560547,68.8752593994141,372.680023193359,0,1,0,0,1,0,0,0,0,"Sub-Saharan Africa"
"40",94,"Costa Rica",2008,59,16705,1.77942872047424,0.810000002384186,38,53,5.6,0,10,1,"Presidential",0,0,4393.2412109375,11466.423942,0.0211200192570686,29.640788756,12.055591873,12.4077606201172,0.399554371833801,60.1900024414062,0.466690003871918,1,1,0,0,1,0,0,0,"Latin America"
"41",437,"Cote d'Ivoire",2008,8,7897,-0.761634051799774,0.340000003576279,5,19,2.2,0,0,0,"Civilian Dictatorship",0,0,20179.6015625,1297.6178632,0.0116360560059547,7.6132140411,7.4338116487,7.99862241744995,9.87527942657471,200.270004272461,0,1,0,0,1,0,0,0,0,"Sub-Saharan Africa"
"42",344,"Croatia",2008,17,10898,2.47650480270386,0.639999985694885,35,50,4.8,0,9,1,"Semi-Presidential",0,0,4491.54296875,15852.655882,0.0229238122701645,33.024341246,8.09952147,6.08886814117432,2.03083825111389,52.9300003051758,0.426687985658646,1,0,0,0,0,1,0,0.5,"E. Europe/Post-Soviet"
"43",40,"Cuba",2008,32,12893,0.0577461682260036,0.0599999986588955,1,6,4.5,0,-7,0,"Military Dictatorship",0,0,11134.8916015625,10905.950436,0.0152010945603251,3.7932611788,27.190187633,2.57734751701355,5.14813899993896,90.7799987792969,0,0,0,0,0,1,0,0,0,"Latin America"
"44",352,"Cyprus",2008,48,36811,1.64275872707367,0.779999971389771,38,57,6.7,0,10,1,"Presidential",0,0,1066.81701660156,19725.23757,0.0202441792935133,27.431057726,8.0501235845,5.05704164505005,0.00869185477495193,NA,0.506691992282867,1,1,1,0,0,0,1,1,"W. Europe/U.S./Canada"
"45",316,"Czech Republic",2008,15,14580,2.26168513298035,0.819999992847443,38,57,5.3,250,8,1,"Parliamentary",0,0,10220.9111328125,23758.872668,0.0324358120560646,27.120617922,7.9212192062,1.83384728431702,0.3454549908638,0,0.55619752407074,1,0,0,0,0,1,0,1,"E. Europe/Post-Soviet"
"46",490,"Democratic Republic of the Congo",2008,3,19285,-1.99913156032562,0.189999997615814,13,12,1.9,3125,5,0,"Civilian Dictatorship",0,1,66187.1484375,230.68584011,0.0368284061551094,22.094825926,13.671519237,19.3660469055176,31.8731594085693,945.039978027344,0.660610556602478,1,0,0,0,0,1,0,0,"Sub-Saharan Africa"
"47",390,"Denmark",2008,55,6221,2.4734148979187,0.899999976158142,40,58,9.4,250,10,1,"Parliamentary",0,0,5484.72314453125,35853.629633,-0.0130906663835049,26.406084047,6.3821689424,4.23171186447144,3.55265998840332,0,0.540027022361755,1,1,0,0,0,0,0,1,"W. Europe/U.S./Canada"
"48",522,"Djibouti",2008,16,5969,1.20772874355316,0.280000001192093,12,22,3.9,0,2,0,"Civilian Dictatorship",1,0,709.195983886719,2085.4820039,-0.00769652845337987,41.081215261,28.961966923,9.52365493774414,0.366363167762756,64.4599990844727,0,1,0,0,1,0,0,0,0,"Sub-Saharan Africa"
"49",54,"Dominica",2008,30,36080,1.84143733978271,0.779999971389771,39,58,6,0,NA,1,"Parliamentary",0,0,72.5139999389648,6938.5453709,0.062542125582695,22.145437811,14.62419166,2.62949657440186,0.0392857380211353,0.710000038146973,0.368272393941879,1,0,1,0,0,0,1,0,"Latin America"
"50",42,"Dominican Republic",2008,6,12129,-0.609987497329712,0.610000014305115,33,47,3.3,0,8,1,"Presidential",0,0,9558.1826171875,9745.0061499,0.0466013289988041,20.161141011,7.9761597953,9.7676420211792,1.1349686384201,90.3899993896484,0.409419357776642,1,0,0,1,0,0,0,0,"Latin America"
"51",130,"Ecuador",2008,0,54555,0.267817825078964,0.589999973773956,27,42,2.9,0,5,1,"Presidential",0,0,14354.46875,6074.9904707,0.0579905398190022,28.825124354,5.5312451731,11.0858030319214,30.5529499053955,191.690002441406,0.106672018766403,1,1,0,0,1,0,0,0,"Latin America"
"52",651,"Egypt",2008,37,12223,-0.659001350402832,0.409999996423721,7,18,3.2,375,-3,0,"Military Dictatorship",0,0,77266.6875,4560.0766189,0.0503133907914162,20.100275614,7.7227291678,12.2039842605591,24.1068058013916,975.789978027344,0.320015996694565,1,1,1,0,0,0,0,0,"Middle East/N. Africa"
"53",92,"El Salvador",2008,25,22823,0.345923870801926,0.579999983310699,33,40,4.1,0,7,1,"Presidential",0,0,6006.44921875,6387.4625453,0.00474496930837631,16.404088698,11.134485478,5.25472021102905,0.463043749332428,205.039993286133,0.213343992829323,1,1,0,0,1,0,0,0,"Latin America"
"54",411,"Equatorial Guinea",2008,17,5575,-0.287261188030243,0.109999999403954,1,9,1.2,0,-5,0,"Military Dictatorship",0,0,616.458984375,15496.935324,0.0195310916751623,31.045996363,3.4232114739,23.6863594055176,60.2617797851562,18.230001449585,0,1,0,0,0,1,0,0,0,"Sub-Saharan Africa"
"55",531,"Eritrea",2008,11,6753,-1.06819748878479,0.0599999986588955,3,10,3.8,0,-7,0,"Civilian Dictatorship",1,0,5502.02587890625,583.76926479,-0.104264661669731,4.5632866144,32.099969355,16.0867366790771,1.64282643795013,58.9200019836426,0,1,0,1,0,0,0,0,0,"Sub-Saharan Africa"
"56",366,"Estonia",2008,16,11344,1.9957047700882,0.839999973773956,38,56,6.5,0,9,1,"Parliamentary",0,0,1307.60498046875,18344.70689,-0.0378900244832039,30.02588141,7.4516519898,7.19016218185425,0.631599843502045,NA,0.520025968551636,1,0,0,0,0,1,0,1,"E. Europe/Post-Soviet"
"57",530,"Ethiopia",2008,14,13630,-0.991362333297729,0.239999994635582,13,20,3.2,1875,-3,0,"Civilian Dictatorship",0,1,82544.8359375,602.11953917,0.0791506096720695,18.516671405,8.8484232112,30.3124847412109,5.7471604347229,1809.16003417969,0.39335298538208,1,0,0,0,0,0,0,0,"Sub-Saharan Africa"
"58",950,"Fiji",2008,11,32873,1.11149334907532,0.629999995231628,7,32,3.9,0,-4,0,"Military Dictatorship",0,0,860.534973144531,4333.9634408,-0.0132923666387796,18.881756436,10.230885573,3.29364514350891,1.02256619930267,33.4300003051758,0,0,0,1,0,0,0,1,0,"Oceania"
"59",375,"Finland",2008,9,12640,2.72805404663086,0.910000026226044,40,60,9.4,0,10,1,"Semi-Presidential",0,0,5244.7490234375,35547.722836,0.000783676980063319,26.491346276,6.3200986936,2.94529461860657,0.857362985610962,0,0.540027022361755,1,1,0,0,0,1,0,1,"W. Europe/U.S./Canada"
"60",220,"France",2008,50,10180,1.61804103851318,0.779999971389771,38,55,7.5,0,9,1,"Semi-Presidential",0,0,64057.7890625,32175.729614,-0.00702422298491001,23.75085717,6.7414802256,2.54207396507263,0.0828316956758499,0,0.558535814285278,1,0,0,0,0,0,0,1,"W. Europe/U.S./Canada"
"61",481,"Gabon",2008,17,11804,0.70287698507309,0.310000002384186,10,27,2.4,0,-4,0,"Civilian Dictatorship",0,0,1485.83203125,9867.9039784,-0.00272526452317834,28.337079344,8.7237396159,14.6899614334106,56.783618927002,36.7599983215332,0,1,0,0,1,0,0,0,0,"Sub-Saharan Africa"
"62",420,"Gambia",2008,12,43465,0.44871723651886,0.209999993443489,17,31,3,0,-5,0,"Military Dictatorship",0,0,1671.29602050781,1201.1927335,0.068445660173893,25.200836234,6.9620313467,6.83400726318359,2.98765397071838,27.2299995422363,0,1,0,1,0,0,0,1,0,"Sub-Saharan Africa"
"63",372,"Georgia",2008,13,11490,0.0974779352545738,0.400000005960464,20,34,4.1,250,6,1,"Semi-Presidential",0,1,4630.8408203125,4924.2504575,0.0681430324912071,17.458547113,20.508231283,9.7074089050293,0.396119654178619,595.950012207031,0.353350967168808,1,0,0,0,0,1,0,0,"E. Europe/Post-Soviet"
"64",260,"Germany",2008,59,26241,2.62644410133362,0.839999973773956,39,57,8.2,0,10,1,"Parliamentary",0,0,82065.3671875,34585.212173,0.0130265215411782,21.918123857,5.3209832877,0.77376651763916,0.221771076321602,0,0.473356992006302,1,1,0,0,0,0,0,1,"W. Europe/U.S./Canada"
"65",452,"Ghana",2008,16,53985,0.422619372606277,0.730000019073486,37,47,4.5,0,8,1,"Presidential",0,0,23434.572265625,1906.2753384,0.0892444252967834,27.371893122,6.5494114548,20.2021026611328,6.29793453216553,697.179992675781,0.353350967168808,1,1,1,0,0,0,1,0,"Sub-Saharan Africa"
"66",350,"Greece",2008,33,26989,0.622976243495941,0.730000019073486,37,52,4.8,2312,10,1,"Parliamentary",0,0,10722.81640625,27422.479753,-0.00655653746798635,27.435204556,8.8732020294,4.72016000747681,0.136912241578102,0,0.413354009389877,1,0,0,0,0,1,0,1,"W. Europe/U.S./Canada"
"67",55,"Grenada",2008,17,33737,2.31813597679138,0.759999990463257,37,51,5.3,0,NA,1,"Parliamentary",0,0,106.555000305176,16019.590731,0.00261789071373641,28.304896842,13.758863011,7.77972364425659,0,1.37000000476837,0.353350967168808,1,0,1,0,0,0,1,0,"Latin America"
"68",90,"Guatemala",2008,23,28692,0.319413721561432,0.419999986886978,24,33,3.1,0,8,1,"Presidential",0,0,13002.2060546875,6074.8885492,0.010983707383275,17.013918317,11.99186738,9.44069671630859,2.10927200317383,456.140014648438,0.540027022361755,1,0,0,0,1,0,0,0,"Latin America"
"69",438,"Guinea",2008,18,7364,-0.662118673324585,0.340000003576279,10,23,1.8,2312,-1,0,"Military Dictatorship",0,0,9806.5087890625,805.61591767,-0.0183018669486046,33.396743362,12.936442496,14.1092090606689,10.9538316726685,208.369995117188,0.280013978481293,1,1,0,1,0,0,0,0,"Sub-Saharan Africa"
"70",404,"Guinea-Bissau",2008,24,7820,0.972585380077362,0.469999998807907,21,30,2.2,2187,6,1,"Semi-Presidential",0,0,1503.18200683594,817.01126385,0.0164378769695759,11.193628223,10.344441225,10.4611711502075,3.63434362411499,52.3699989318848,0.43335497379303,0,0,0,0,0,1,0,0,"Sub-Saharan Africa"
"71",110,"Guyana",2008,28,46221,0.74422150850296,0.689999997615814,31,42,3.6,0,6,0,"Civilian Dictatorship",0,0,758.059020996094,4109.5595492,0.0250542983412743,25.48798859,16.882906709,8.99510192871094,8.72367763519287,42.0599975585938,0.386685997247696,1,1,1,0,0,0,1,0,"Latin America"
"72",41,"Haiti",2008,21,17396,0.274176925420761,0.439999997615814,22,25,2.1,812,5,0,"Civilian Dictatorship",0,0,9639.078125,1296.8208561,0.0184056367725134,12.927991106,14.371805928,12.8948516845703,0.723928272724152,543.820007324219,0.134758621454239,1,0,0,0,0,0,0,0,"Latin America"
"73",91,"Honduras",2008,26,23376,-0.115302242338657,0.490000009536743,25,36,2.9,0,7,1,"Presidential",0,0,7675.84912109375,3699.2740498,0.02386225014925,33.174930799,18.696515239,7.79048442840576,1.93499183654785,351.820007324219,0.280014008283615,1,1,0,0,1,0,0,0,"Latin America"
"74",310,"Hungary",2008,59,12302,1.58400547504425,0.790000021457672,37,55,5.7,0,10,1,"Parliamentary",0,0,10020.4814453125,17385.145512,0.0104083642363548,21.522029241,7.5171927531,5.27590942382812,0.904660105705261,0,0.346683979034424,1,1,0,0,0,0,0,1,"E. Europe/Post-Soviet"
"75",395,"Iceland",2008,64,4089,4.6089448928833,0.910000026226044,40,60,9.4,0,NA,1,"Semi-Presidential",0,0,304.367004394531,43179.993965,-0.0176429804414511,30.91629226,6.7945837846,11.8359279632568,0,0,0.493358016014099,1,1,0,0,0,1,0,0,"W. Europe/U.S./Canada"
"76",750,"India",2008,59,146385,-1.43373155593872,0.649999976158142,34,42,3.8,1500,9,1,"Parliamentary",0,1,1140566.25,2949.5689655,0.00959329679608345,31.211196142,11.991166479,6.69385766983032,5.78680753707886,1528.080078125,0.159181281924248,1,0,1,0,0,0,1,0,"South Asia"
"77",850,"Indonesia",2008,49,5915,-0.2614506483078,0.46000000834465,30,37,3.3,312,8,1,"Presidential",0,0,237512.359375,3616.6404111,0.0609230771660805,20.443904334,9.0116902289,18.149751663208,11.4152364730835,524.150024414062,0.086670994758606,1,0,0,0,0,1,0,0,"East Asia"
"78",630,"Iran",2008,29,16179,-1.33854329586029,0.150000005960464,10,14,3.1,250,-6,0,"Civilian Dictatorship",0,1,75025.359375,9489.810201,-0.016189094632864,31.045928832,9.6831479415,17.400447845459,50.939037322998,74.3600006103516,0,1,1,0,0,0,0,0,0,"Middle East/N. Africa"
"79",645,"Iraq",2008,3,11550,-1.75482451915741,0.310000002384186,11,12,1.5,5375,NA,0,"Military Dictatorship",0,1,28221.435546875,4012.4692865,0.0421643257141113,18.679029559,15.816019601,31.8640689849854,85.9754409790039,9806.91015625,0,1,1,0,0,0,1,0,0,"Middle East/N. Africa"
"80",205,"Ireland",2008,71,15731,2.2361946105957,0.850000023841858,39,58,8.2,250,10,1,"Semi-Presidential",0,0,4517.7060546875,40003.923487,-0.0527210421860218,26.791073851,5.1420328679,-2.33212542533875,0.146578326821327,0,0.446689009666443,1,1,1,0,0,0,1,1,"W. Europe/U.S./Canada"
"81",666,"Israel",2008,50,17053,-1.43945872783661,0.720000028610229,37,47,6.4,562,10,1,"Parliamentary",0,1,7112.35888671875,25643.860692,0.0226927418261766,23.282282912,9.3915885187,1.38339805603027,0.872952818870544,0,0.586695969104767,1,1,1,0,0,0,1,0,"Middle East/N. Africa"
"82",325,"Italy",2008,61,11708,1.22998917102814,0.709999978542328,38,54,4.9,375,10,1,"Parliamentary",0,0,60091.3046875,29902.244458,-0.0199751518666744,26.323455946,6.5999345255,2.53315854072571,0.272414356470108,0,0.333350002765656,1,1,0,0,0,0,0,1,"W. Europe/U.S./Canada"
"83",51,"Jamaica",2008,46,38048,-0.185246646404266,0.850000023841858,34,43,3.5,0,9,1,"Parliamentary",0,0,2804.33203125,9033.1776858,-0.0131644289940596,26.209261948,15.409500383,17.2805671691895,1.46589052677155,-4.6399998664856,0.402095228433609,1,1,1,0,0,0,1,0,"Latin America"
"84",740,"Japan",2008,62,4998,2.32218360900879,0.790000021457672,37,51,7.2,250,10,1,"Parliamentary",0,0,127288.421875,32380.787155,-0.0120137212797999,26.407548316,6.5846355753,-1.00792288780212,0.0484096594154835,0,0.498685389757156,1,1,0,0,0,0,0,0,"East Asia"
"85",663,"Jordan",2008,56,2270,-0.187106877565384,0.370000004768372,13,28,5.4,0,-3,0,"Royal Dictatorship",0,0,6132.625,4464.3109497,0.0530414097011089,36.9981141,8.6353396863,18.8427181243896,8.236083984375,462.989990234375,0.0666700005531311,1,1,1,0,0,0,0,0,"Middle East/N. Africa"
"86",705,"Kazakhstan",2008,13,13482,0.304628998041153,0.219999998807907,8,22,2.6,0,-6,0,"Civilian Dictatorship",0,0,15340.533203125,11192.786077,0.0474160462617874,27.174898848,5.2489264389,20.9365386962891,38.458854675293,291.660003662109,0,1,1,0,0,0,1,0,0,"E. Europe/Post-Soviet"
"87",501,"Kenya",2008,45,35303,-1.01903998851776,0.400000005960464,20,38,2.5,2437,7,1,"Presidential",0,0,37953.83984375,1169.175081,-0.0288782715797424,19.803976805,5.9028103493,11.8586349487305,1.46361756324768,928.580017089844,0.480024009943008,1,0,1,0,0,0,1,0,"Sub-Saharan Africa"
"88",970,"Kiribati",2008,29,26080,3.87670946121216,0.740000009536743,36,55,4.6,0,NA,1,"Parliamentary",0,0,96.8580017089844,3864.6028988,0.0188255086541176,58.936313048,50.53510339,4.53613376617432,0,20.2800006866455,NA,0,0,1,0,0,0,1,0,"Oceania"
"89",690,"Kuwait",2008,16,8197,1.34646034240723,0.46000000834465,19,27,5.6,0,-7,0,"Royal Dictatorship",0,0,2433.19189453125,52528.183815,0.0206098929047585,42.002783918,6.7030802036,NA,63.2754516601562,NA,0.166675001382828,1,0,1,0,0,0,0,0,"Middle East/N. Africa"
"90",703,"Kyrgyz Republic",2008,1,14602,0.5828897356987,0.300000011920929,16,29,2.4,0,3,1,"Semi-Presidential",0,0,5356.869140625,2127.1332899,0.0693174228072166,14.420699152,9.5316341549,22.2159881591797,0.965876758098602,191.880004882812,0.240012004971504,1,0,0,0,0,1,0,0,"E. Europe/Post-Soviet"
"91",812,"Laos",2008,17,4820,0.789135932922363,0.170000001788139,1,12,2.1,0,-7,0,"Military Dictatorship",0,0,6145.18310546875,2308.9823322,0.0644019842147827,28.810654233,20.380943419,8.97318172454834,2.13583731651306,343.309997558594,0.0200009997934103,0,0,0,1,0,0,0,0,"East Asia"
"92",367,"Latvia",2008,17,4917,1.40512669086456,0.779999971389771,35,53,5.2,0,8,1,"Parliamentary",0,0,2245.42309570312,14655.87709,-0.0134973051026464,24.566492182,9.1171019454,14.383279800415,0.890643298625946,NA,0.560027956962585,1,0,0,0,0,1,0,1,"E. Europe/Post-Soviet"
"93",660,"Lebanon",2008,82,6296,0.154244363307953,0.449999988079071,15,34,2.9,3437,6,0,"Military Dictatorship",0,0,4038.02392578125,11335.222197,0.0666812062263489,38.132363277,6.3701771538,9.85934734344482,0.00809088535606861,762.119995117188,0.39335298538208,1,0,0,1,0,0,0,0,"Middle East/N. Africa"
"94",570,"Lesotho",2008,15,45532,0.992329239845276,0.540000021457672,30,41,4.7,0,8,0,"Civilian Dictatorship",0,0,1915.46899414062,1384.4668461,0.0347233936190605,30.662971885,11.087538072,13.4068269729614,1.82203876972198,64.6699981689453,0.453355997800827,1,0,1,0,0,0,1,0,"Sub-Saharan Africa"
"95",450,"Liberia",2008,22,11667,0.454510092735291,0.349999994039536,25,34,3.4,0,6,1,"Presidential",0,0,3440.37109375,441.80798445,-0.0188516303896904,15.162149185,8.5500257392,10.419261932373,16.398344039917,826.739990234375,0.0795402303338051,1,1,0,1,0,0,1,0,"Sub-Saharan Africa"
"96",620,"Libya",2008,39,2396,-0.177661210298538,0.0599999986588955,1,7,2.9,0,-7,0,"Military Dictatorship",0,0,6187.0390625,19588.894904,-0.0047065676189959,10.767333158,11.657769275,25.3728199005127,63.0083847045898,52.810001373291,0,1,0,0,0,0,1,0,0,"Middle East/N. Africa"
"97",223,"Liechtenstein",2008,87,9513,4.08519268035889,0.860000014305115,40,60,7.2,0,NA,1,"Parliamentary",0,0,NA,NA,NA,NA,NA,-5.06478977203369,0,NA,0.413354009389877,1,0,0,0,0,0,0,0,"W. Europe/U.S./Canada"
"98",368,"Lithuania",2008,16,12214,2.13323521614075,0.819999992847443,36,54,5,0,10,1,"Semi-Presidential",0,0,3565.205078125,15944.890733,0.0344362817704678,22.893359336,7.3801474917,9.77284049987793,1.42605948448181,NA,0.546693980693817,1,0,0,0,0,1,0,1,"E. Europe/Post-Soviet"
"99",212,"Luxembourg",2008,140,5601,4.67374610900879,0.879999995231628,40,60,8.8,0,10,1,"Parliamentary",0,0,486.006011962891,79844.7851,-0.00481795333325863,27.601265328,3.8763574829,4.40373563766479,0,0,0.500024974346161,1,1,0,0,0,1,0,1,"W. Europe/U.S./Canada"
"100",343,"Macedonia",2008,17,13442,1.18894624710083,0.529999971389771,24,36,4.4,312,9,1,"Semi-Presidential",0,0,2061.31494140625,7648.4273397,0.0534478314220905,21.506699916,8.8196562046,7.48517179489136,0.148249626159668,152.529998779297,0.506691992282867,1,0,0,0,0,1,0,0.5,"E. Europe/Post-Soviet"
"101",580,"Madagascar",2008,10,12822,0.327856510877609,0.519999980926514,22,36,4.4,0,7,1,"Semi-Presidential",0,0,20042.55078125,722.3014069,-0.0351968072354794,32.058663065,6.0795809118,8.88292598724365,1.8984237909317,270.75,0.200010001659393,1,1,0,1,0,0,0,0,"Sub-Saharan Africa"
"102",553,"Malawi",2008,14,33422,0.422536641359329,0.449999988079071,23,34,3.4,0,6,1,"Presidential",0,0,14623.6806640625,589.04290627,0.0695337504148483,40.057601653,16.505219191,8.89890956878662,3.11654591560364,408.059997558594,0.113339014351368,1,0,1,0,0,0,1,0,"Sub-Saharan Africa"
"103",820,"Malaysia",2008,51,64080,0.75960898399353,0.349999994039536,19,27,4.9,125,6,0,"Civilian Dictatorship",0,0,27357.7578125,11692.395129,0.022581459954381,24.578442667,5.5230142409,10.3363695144653,19.7419986724854,158.260009765625,0.120006002485752,0,0,1,0,0,0,1,0,"East Asia"
"104",781,"Maldives",2008,0,23991,1.460205078125,0.340000003576279,11,25,3.3,0,NA,1,"Presidential",0,0,385.924987792969,4625.8328201,0.00859059859067202,62.617720075,42.499675831,5.79869747161865,0,51.2199974060059,0,1,0,1,0,0,0,0,0,"South Asia"
"105",432,"Mali",2008,16,7503,1.08475112915039,0.730000019073486,30,42,3.6,0,7,1,"Semi-Presidential",0,1,13100.8134765625,959.79522014,0.0469829402863979,20.91586882,15.506192501,8.807785987854,1.3598108291626,513.059997558594,0.546693980693817,1,0,0,1,0,0,0,0,"Sub-Saharan Africa"
"106",338,"Malta",2008,44,31820,2.21841335296631,0.800000011920929,39,58,6.7,0,NA,1,"Parliamentary",0,0,403.532012939453,22198.365159,0.0327784791588783,16.957577934,8.3000748392,2.69375491142273,0,NA,0.333350002765656,1,1,1,0,0,0,1,1,"W. Europe/U.S./Canada"
"107",983,"Marshall Islands",2008,29,21429,3.44337916374207,0.829999983310699,37,55,3.5,0,NA,1,"Parliamentary",0,0,63.173999786377,7304.8582674,-0.00731670577079058,62.028772065,44.578197764,3.89343476295471,0,51.629997253418,NA,0,0,0,0,0,0,1,0,"Oceania"
"108",435,"Mauritania",2008,17,6997,0.315078556537628,0.439999997615814,22,30,2.9,1875,-5,0,"Military Dictatorship",0,0,3054.93310546875,1946.5489806,-0.0173067338764668,45.408361944,21.288798477,12.542103767395,37.2276611328125,141.869995117188,0,1,0,0,1,0,0,0,0,"Sub-Saharan Africa"
"109",590,"Mauritius",2008,40,37268,1.20049929618835,0.740000009536743,38,52,5.7,0,10,1,"Parliamentary",0,0,1274.18896484375,9685.8035599,0.0473292917013168,30.108150757,5.7246285658,6.54548501968384,0.0132881533354521,15.8500003814697,0.353350967168808,1,0,1,0,0,0,1,0,"Sub-Saharan Africa"
"110",70,"Mexico",2008,91,57087,-0.695736885070801,0.490000009536743,32,41,4.1,625,8,1,"Presidential",0,0,109955.3984375,12383.822838,0.000782376388087869,23.058955803,3.1062013702,6.3342981338501,10.2066421508789,99.2399978637695,0.242856293916702,1,0,0,0,1,0,0,0,"Latin America"
"111",987,"Micronesia",2008,27,5271,2.19941210746765,0.790000021457672,37,56,3.7,0,NA,1,"Presidential",0,0,107.665000915527,3445.7708717,-0.0202597454190254,34.39053106,48.722432838,4.84523725509644,0,87.9499969482422,NA,0,0,0,0,1,0,1,0,"Oceania"
"112",359,"Moldova",2008,14,12818,0.506185352802277,0.340000003576279,24,33,3.3,0,9,1,"Parliamentary",0,0,4324.4501953125,2517.42289,0.0767928659915924,23.294698116,5.8636684169,9.27997207641602,0.239056915044785,130.309997558594,0.380019009113312,1,0,0,0,0,1,0,0,"E. Europe/Post-Soviet"
"113",221,"Monaco",2008,46,3814,4.02482080459595,0.839999973773956,31,56,NA,0,NA,1,NA,0,0,NA,NA,NA,NA,NA,-6.43269634246826,0,NA,0.152181521058083,0,0,0,0,0,0,0,0,"W. Europe/U.S./Canada"
"114",712,"Mongolia",2008,16,8250,0.383281737565994,0.620000004768372,33,49,3.3,312,10,1,"Semi-Presidential",0,0,2996.0810546875,3424.8856458,0.0844175815582275,55.040622481,18.718509852,21.4487533569336,15.3124160766602,190.529998779297,0.220010995864868,1,1,0,0,0,1,0,0,"East Asia"
"115",341,"Montenegro",2008,1,11572,1.34950685501099,0.620000004768372,24,41,4,0,9,0,"Civilian Dictatorship",0,0,678.177001953125,7277.8193404,0.0666865259408951,47.192404788,16.283370187,7.68480157852173,0,69.7799987792969,0.444672435522079,0,0,0,0,0,1,0,0.5,"E. Europe/Post-Soviet"
"116",600,"Morocco",2008,36,5918,0.117329441010952,0.360000014305115,16,28,4,3125,-6,0,"Royal Dictatorship",0,0,30940.455078125,3453.4256921,0.0528274513781071,42.016308254,5.2476726961,5.86436986923218,8.7384557723999,637.090026855469,0.60003000497818,1,1,0,1,0,0,0,0,"Middle East/N. Africa"
"117",541,"Mozambique",2008,4,24171,0.121297463774681,0.600000023841858,25,35,3.5,125,5,0,"Civilian Dictatorship",0,0,21439.234375,727.20924918,0.0335615128278732,16.548408118,9.0352835677,8.35333919525146,13.830491065979,1273.7900390625,0.306682020425797,1,0,0,0,0,1,0,0,"Sub-Saharan Africa"
"118",775,"Myanmar",2008,0,40492,-1.77307915687561,0.0299999993294477,0,5,1.1,312,-6,0,"Military Dictatorship",0,1,NA,NA,NA,NA,NA,13.6186590194702,NA,413.619995117188,0,0,0,1,0,0,0,1,0,"East Asia"
"119",565,"Namibia",2008,18,24051,1.3885669708252,0.699999988079071,31,46,5.8,0,6,0,"Civilian Dictatorship",0,0,2088.6689453125,4941.1692673,0.0660297721624374,36.116473026,7.8873053158,14.2848615646362,1.0212539434433,151.669998168945,0.224307686090469,1,0,0,0,0,1,1,0,"Sub-Saharan Africa"
"120",971,"Nauru",2008,40,13714,3.88324236869812,0.720000028610229,38,55,4,375,NA,1,"Parliamentary",0,0,NA,NA,NA,NA,NA,NA,NA,28.3800010681152,NA,0,0,1,0,0,0,1,0,"Oceania"
"121",790,"Nepal",2008,2,32437,-1.11513674259186,0.430000007152557,17,29,3.2,375,6,1,"Parliamentary",0,0,28196.9609375,1074.0474924,0.0501804351806641,29.669606465,10.627133986,5.61985445022583,4.16578435897827,418.179992675781,0.473356992006302,1,0,0,0,0,0,1,0,"South Asia"
"122",210,"Netherlands",2008,193,8739,3.17519736289978,0.870000004768372,40,59,9.1,0,10,1,"Parliamentary",0,0,16645.3125,39300.156367,0.0135751338675618,21.907772902,9.3362041468,2.12903833389282,2.70158338546753,0,0.667963981628418,1,1,0,0,0,0,0,1,"W. Europe/U.S./Canada"
"123",920,"New Zealand",2008,156,4736,3.03760290145874,0.870000004768372,39,57,9.4,0,10,1,"Parliamentary",0,0,4173.4599609375,27613.799748,-0.0157236568629742,22.720089629,7.9318754062,3.4042546749115,3.84624099731445,0,0.220010995864868,1,1,1,0,0,0,1,0,"Oceania"
"124",93,"Nicaragua",2008,21,20535,0.810096681118011,0.569999992847443,27,37,2.9,437,9,1,"Presidential",0,0,5475.501953125,2283.9041802,0.0124770188704133,30.313841238,20.037668456,14.0784864425659,2.96464896202087,530.239990234375,0.206677004694939,1,0,0,0,1,0,0,0,"Latin America"
"125",436,"Niger",2008,9,10369,-0.00538515858352184,0.370000004768372,28,32,2.9,1875,6,1,"Semi-Presidential",0,1,14752.080078125,534.29599004,0.0496733859181404,21.5931123,13.011158125,7.58330535888672,1.74988079071045,265.510009765625,0.493358016014099,1,0,0,1,0,0,0,0,"Sub-Saharan Africa"
"126",475,"Nigeria",2008,9,66263,-1.2187203168869,0.469999998807907,18,31,2.7,2125,4,1,"Presidential",0,0,146255.3125,1930.6045518,0.00942539051175117,7.5827612968,11.865441101,10.9658727645874,37.2964515686035,631.710021972656,0.293347984552383,1,0,1,0,0,0,1,0,"Sub-Saharan Africa"
"127",731,"North Korea",2008,36,7364,-1.81422007083893,0.0199999995529652,0,2,1,0,-10,0,"Civilian Dictatorship",0,0,NA,NA,NA,NA,NA,NA,NA,178.309997558594,0,0,0,0,0,0,1,0,0,"East Asia"
"128",385,"Norway",2008,194,7439,3.71623635292053,0.899999976158142,40,60,8.5,0,10,1,"Parliamentary",0,0,4644.45703125,51576.250739,-0.00428254064172506,30.089347343,5.9004924135,10.9506597518921,21.8206062316895,0,0.526692986488342,1,1,0,0,0,0,0,0,"W. Europe/U.S./Canada"
"129",698,"Oman",2008,12,4619,2.62017130851746,0.28999999165535,10,18,5.8,0,-8,0,"Royal Dictatorship",0,0,2853.88403320312,22512.943227,0.120803624391556,48.075351693,7.3598598142,28.1446838378906,54.8712692260742,49.1300010681152,0,0,0,0,0,0,0,0,0,"Middle East/N. Africa"
"130",770,"Pakistan",2008,6,56240,-1.50990831851959,0.340000003576279,8,18,3,1437,5,1,"Parliamentary",0,1,178479.390625,2211.3025675,0.00947916973382235,17.870443955,14.783335212,16.244514465332,8.1803150177002,956.27001953125,0.232888892292976,0,1,1,0,0,0,1,0,"South Asia"
"131",986,"Palau",2008,27,7982,3.99714422225952,0.860000014305115,37,55,4,0,NA,1,"Presidential",0,0,20.701000213623,14767.416693,-0.0188029762357473,27.432431539,30.278441483,6.5,0,42.4500007629395,NA,0,0,1,0,0,0,1,0,"Oceania"
"132",95,"Panama",2008,36,26097,1.70152497291565,0.560000002384186,36,47,4.3,125,9,1,"Presidential",0,0,3309.67895507812,10198.01828,0.0954979583621025,27.465962321,10.759516965,5.77632999420166,0.118214331567287,27.6700000762939,0.440022021532059,1,0,0,0,1,0,0,0,"Latin America"
"133",910,"Papua New Guinea",2008,33,58490,0.317402958869934,0.720000028610229,24,36,2.2,0,4,1,"Parliamentary",0,0,5816.23291015625,2523.5134372,0.0419189445674419,15.669958361,19.268096879,7.83017158508301,32.1177291870117,237.389999389648,0.613364040851593,1,0,1,0,0,0,1,0,"Oceania"
"134",150,"Paraguay",2008,16,25459,0.358760595321655,0.400000005960464,26,36,2.7,0,8,1,"Presidential",0,0,6203.19677734375,3768.9977431,0.0301295313984156,17.212109368,4.6418043335,13.0973272323608,1.47201573848724,104.160003662109,0.212080806493759,1,0,0,0,1,0,0,0,"Latin America"
"135",135,"Peru",2008,15,19099,0.768989443778992,0.560000002384186,32,41,4,937,9,1,"Presidential",0,1,28347.87890625,6936.9503387,0.0878855139017105,30.077643781,4.2713135364,0.71957916021347,11.6444225311279,383.950012207031,0.173341989517212,1,1,0,0,1,0,0,0,"Latin America"
"136",840,"Philippines",2008,21,21954,-1.25194299221039,0.550000011920929,23,38,3,6250,8,1,"Presidential",0,1,96061.6796875,3058.1236709,0.0237023811787367,18.861687495,3.9004755792,7.54905986785889,2.34826755523682,-30.4799995422363,0.368000000715256,1,1,0,0,1,0,1,0,"East Asia"
"137",290,"Poland",2008,11,19602,1.68023669719696,0.759999990463257,38,55,5.4,0,10,1,"Semi-Presidential",0,0,38500.6953125,15781.903509,0.0518800243735313,22.839334108,6.6296252552,3.10162043571472,1.02193760871887,0,0.462909072637558,1,1,0,0,0,1,0,1,"E. Europe/Post-Soviet"
"138",235,"Portugal",2008,32,35219,1.40039038658142,0.839999973773956,40,58,6.8,0,10,1,"Semi-Presidential",0,0,10676.91015625,20468.368439,-0.00400783680379391,27.922957242,5.1821067045,1.58181405067444,0.15208175778389,0,0.406687021255493,1,1,0,0,0,0,0,1,"W. Europe/U.S./Canada"
"139",694,"Qatar",2008,5,6848,1.99068021774292,0.360000014305115,10,18,7.1,0,-10,0,"Royal Dictatorship",0,0,824.789001464844,109882.82213,0.0978387072682381,35.800845789,7.8053178527,9.26338386535645,48.9156379699707,NA,0,0,0,1,0,0,0,1,0,"Middle East/N. Africa"
"140",360,"Romania",2008,17,14663,0.37685152888298,0.560000002384186,32,49,4.5,125,9,1,"Semi-Presidential",0,0,22060.80859375,10171.736491,0.0787536278367043,28.628242894,7.5176783174,11.5774126052856,3.28352928161621,NA,0.425969958305359,1,1,0,0,0,0,0,1,"E. Europe/Post-Soviet"
"141",365,"Russia",2008,15,12908,-1.03824174404144,0.219999998807907,9,23,2.6,750,4,0,"Civilian Dictatorship",0,1,140702.09375,15141.47916,0.0532545335590839,20.581900267,6.9474026708,17.9597148895264,30.9598064422607,NA,0.320015996694565,1,1,0,0,0,0,0,0,"E. Europe/Post-Soviet"
"142",517,"Rwanda",2008,5,18695,0.387702465057373,0.159999996423721,11,23,4.6,0,-3,0,"Military Dictatorship",0,0,10440.771484375,945.03560409,0.0644645765423775,17.631565334,25.590988394,13.2524938583374,4.0575098991394,435.190002441406,0.273346990346909,1,0,0,0,0,1,0,0,"Sub-Saharan Africa"
"143",60,"Saint Kitts and Nevis",2008,25,49643,3.24575734138489,0.810000002384186,39,53,6.6,0,NA,1,"Parliamentary",0,0,49.0639991760254,10988.295036,0.0150299584493041,44.279121043,15.795532094,2.17369270324707,0,33.0299987792969,0.400020003318787,0,0,1,0,0,0,1,0,"Latin America"
"144",56,"Saint Lucia",2008,30,38271,0.898550033569336,0.839999973773956,39,53,7,0,NA,1,"Parliamentary",0,0,159.585006713867,12330.861533,-0.0235227290540934,40.843676822,11.535347323,0.72652542591095,0,-0.10999995470047,0.326683014631271,0,0,1,0,0,0,1,0,"Latin America"
"145",57,"Saint Vincent and the Grenadines",2008,29,34817,1.47937166690826,0.829999983310699,35,53,6.6,0,NA,1,"Parliamentary",0,0,104.938003540039,7331.4725136,0.0228737406432629,30.739998597,17.355097427,0.929050862789154,0,10.8699998855591,0.228582859039307,1,0,1,0,0,0,1,0,"Latin America"
"146",990,"Samoa",2008,46,19611,2.60479950904846,0.709999978542328,32,49,5.1,0,NA,0,"Royal Dictatorship",0,0,189.503005981445,6569.4788758,-0.0440190881490707,9.0147410807,20.912173584,3.48730731010437,0.262208104133606,25.8400001525879,0.34001699090004,0,0,0,0,0,1,1,0,"Oceania"
"147",403,"Sao Tome and Principe",2008,33,7988,2.94420981407166,0.720000028610229,33,47,3.7,0,NA,1,"Semi-Presidential",0,0,168.414993286133,1539.933333,0.0741305574774742,18.900446346,11.898218538,22.2813358306885,1.43977427482605,26.5900001525879,0.223580211400986,0,0,0,0,0,1,0,0,"Sub-Saharan Africa"
"148",670,"Saudi Arabia",2008,16,6335,-0.488321423530579,0.189999997615814,4,9,4.8,0,-10,0,"Royal Dictatorship",0,0,24917.412109375,20662.580152,0.0146277071908116,42.314972493,7.7793190663,18.7931594848633,69.8736267089844,NA,0,0,0,0,0,0,0,0,0,"Middle East/N. Africa"
"149",433,"Senegal",2008,7,9288,0.455760061740875,0.509999990463257,30,43,3.7,0,7,1,"Semi-Presidential",0,0,11698.3427734375,1452.8870183,0.00668683974072337,28.789318181,6.3082638587,6.15244483947754,2.96310973167419,541.919982910156,0.160007998347282,1,1,0,1,0,0,0,0,"Sub-Saharan Africa"
"150",591,"Seychelles",2008,15,39587,1.74602055549622,0.409999996423721,25,40,5.1,0,NA,0,"Civilian Dictatorship",0,0,86.5950012207031,26163.034077,0.0123166088014841,44.050131836,19.336354219,29.2431373596191,0,5.19000005722046,0.300668627023697,1,0,1,1,0,0,1,0,"Sub-Saharan Africa"
"151",451,"Sierra Leone",2008,12,44636,0.78753262758255,0.409999996423721,26,37,2.4,0,7,1,"Presidential",0,0,5022.9951171875,830.81060509,0.0277007278054953,41.023401315,12.75999943,11.1999998092651,4.37948274612427,162.240005493164,0.380019009113312,1,0,1,0,0,0,1,0,"Sub-Saharan Africa"
"152",830,"Singapore",2008,49,40076,2.09054446220398,0.310000002384186,17,32,9.4,0,-2,0,"Military Dictatorship",0,0,4608.1669921875,50438.263621,0.0182007309049368,37.281830328,9.0603758318,-1.20771920681,0,NA,0.0333350002765656,0,0,1,0,0,0,1,0,"East Asia"
"153",317,"Slovak Republic",2008,16,18402,1.70542562007904,0.779999971389771,37,54,5.5,0,10,1,"Semi-Presidential",0,0,5455.4072265625,19393.780605,0.0573928467929363,23.408299991,8.354048019,2.86302423477173,0.368493616580963,0,0.533360004425049,1,0,0,0,0,1,0,1,"E. Europe/Post-Soviet"
"154",349,"Slovenia",2008,17,11406,2.79365515708923,0.769999980926514,38,53,6.5,0,10,1,"Parliamentary",0,0,2007.71105957031,27140.521858,0.0356869287788868,36.345370972,5.0362430215,4.1243577003479,0.161013200879097,0,0.533360004425049,1,0,0,0,0,1,0,1,"E. Europe/Post-Soviet"
"155",940,"Solomon Islands",2008,30,31836,2.80532813072205,0.699999988079071,21,42,3.7,0,8,1,"Parliamentary",0,0,533.776000976562,1826.9831539,0.148888304829597,18.89418482,39.294506483,3.98247361183167,13.2709760665894,209.270004272461,0.0133339874446392,1,0,1,0,0,0,1,0,"Oceania"
"156",520,"Somalia",2008,4,8260,-1.71073937416077,0.159999996423721,0,3,0.7,4875,0,0,"Civilian Dictatorship",0,1,9454.7587890625,453.08901984,0.00224659335799515,19.883748408,12.739678394,NA,NA,554.080017089844,0,1,0,1,0,0,0,1,0,"Sub-Saharan Africa"
"157",560,"South Africa",2008,12,43062,-0.417477756738663,0.720000028610229,35,51,5.2,0,9,0,"Civilian Dictatorship",0,0,48782.75390625,7602.1753256,0.0212791804224253,25.26046814,6.4150403318,8.90084552764893,5.86689138412476,858.330017089844,0.415986031293869,1,0,1,0,0,0,1,0,"Sub-Saharan Africa"
"158",732,"South Korea",2008,60,9059,1.07293796539307,0.699999988079071,36,50,5.5,375,8,1,"Presidential",0,0,48379.390625,25278.656478,0.0198092199862003,35.52453992,5.6781150036,2.91043519973755,0.0299044344574213,0,0.386685997247696,1,0,0,0,0,1,0,0,"East Asia"
"159",230,"Spain",2008,30,17608,1.01163637638092,0.769999980926514,39,57,7,0,10,1,"Parliamentary",0,0,45910.36328125,29146.639184,-0.00834478065371513,30.680102341,7.4251120659,2.40241813659668,0.0429375506937504,0,0.310884416103363,1,1,0,0,0,0,0,1,"W. Europe/U.S./Canada"
"160",780,"Sri Lanka",2008,30,40085,-1.73423755168915,0.330000013113022,21,31,4.3,312,6,1,"Presidential",0,1,20697.509765625,3757.5465968,0.0521283261477947,25.228881548,8.0786669928,16.327091217041,0.594421148300171,403.350006103516,0.240012004971504,1,0,1,0,0,0,1,0,"South Asia"
"161",625,"Sudan",2008,3,26644,-2.57638692855835,0.219999998807907,3,7,1.5,3125,-4,0,"Military Dictatorship",0,1,41680.78515625,2053.5084241,0.0242380648851395,17.535700588,11.030802504,21.0141582489014,27.1629676818848,1793.29992675781,0,1,0,1,0,0,0,1,0,"Sub-Saharan Africa"
"162",115,"Suriname",2008,21,12488,1.53991961479187,0.769999980926514,33,45,4.4,0,5,1,"Presidential",0,0,475.996002197266,10925.812576,0.0273400470614433,72.390924967,7.3382817428,21.0525989532471,6.5575852394104,71.8300018310547,0.466690003871918,1,0,0,0,0,1,0,0,"Latin America"
"163",572,"Swaziland",2008,3,48604,0.108650341629982,0.239999994635582,3,20,3.8,125,-9,0,"Royal Dictatorship",0,0,1319.10095214844,3441.2338746,0.0423360764980316,6.6094223501,5.869815374,10.1329040527344,2.63512802124023,17.5300006866455,0,1,0,1,0,0,0,0,0,"Sub-Saharan Africa"
"164",380,"Sweden",2008,34,13635,2.52613282203674,0.889999985694885,40,60,9.2,0,10,1,"Parliamentary",0,0,9045.388671875,36219.544136,-0.00796793308109045,20.657538491,6.494351583,3.13751006126404,1.11813592910767,0,0.506691992282867,1,1,0,0,0,0,0,1,"W. Europe/U.S./Canada"
"165",225,"Switzerland",2008,9,16484,1.64792954921722,0.870000004768372,39,58,9,0,10,1,"Presidential",0,0,7581.52001953125,39997.570904,0.0158870127052069,23.380010984,3.9833099532,2.44493293762207,0.032587219029665,0,0.408502399921417,1,0,0,0,0,0,0,0,"W. Europe/U.S./Canada"
"166",652,"Syria",2008,35,7493,-0.959686577320099,0.170000001788139,1,8,2.4,0,-7,0,"Military Dictatorship",0,0,21324.857421875,3782.78588,-0.0134484702721238,18.172052744,8.7914113789,15.9549627304077,26.5235748291016,41.2299957275391,0.286680996417999,1,0,0,1,0,0,0,0,"Middle East/N. Africa"
"167",713,"Taiwan",2008,61,11558,3.19790816307068,0.800000011920929,34,55,5.7,0,10,1,"Semi-Presidential",0,0,22920.9453125,29626.576746,0.00201179715804756,20.897044537,8.6994090378,NA,NA,NA,0.200010001659393,0,0,0,0,0,1,0,0,"East Asia"
"168",702,"Tajikistan",2008,14,7917,0.348417729139328,0.230000004172325,9,19,2.5,0,-3,0,"Civilian Dictatorship",0,0,7211.8837890625,1562.0334766,-0.0349505618214607,6.4900401128,8.6027649129,28.2826499938965,0.369130611419678,147.080001831055,0.213343992829323,1,0,0,0,0,1,0,0,"E. Europe/Post-Soviet"
"169",510,"Tanzania",2008,31,35651,0.4651939868927,0.519999980926514,22,36,3.5,0,-1,0,"Military Dictatorship",0,0,40213.16015625,1085.261176,0.0554674118757248,25.786708451,21.155253155,10.109974861145,6.43813419342041,1300.9599609375,0.160007998347282,1,0,1,0,0,0,1,0,"Sub-Saharan Africa"
"170",800,"Thailand",2008,1,44756,-0.721971392631531,0.439999997615814,8,31,3.8,3187,4,1,"Parliamentary",0,1,65531.04296875,7675.3532552,0.0108773419633508,29.631414242,6.9400760036,3.93130302429199,6.20037174224854,-772.779968261719,0.426687985658646,1,0,0,0,0,0,0,0,"East Asia"
"171",860,"Timor",2008,6,15307,0.955682635307312,0.620000004768372,28,34,2.7,2750,7,1,"Semi-Presidential",0,0,1108.77697753906,976.96953641,0.0968637615442276,21.161882167,53.914255308,10.6702470779419,0.459073901176453,224.510009765625,NA,0,0,0,0,0,1,0,0,"East Asia"
"172",461,"Togo",2008,16,10252,0.232899770140648,0.259999990463257,14,24,2.6,0,-4,0,"Civilian Dictatorship",0,0,6220.34814453125,722.24242787,-0.00954048149287701,15.570611899,10.708831432,14.4087753295898,10.6609487533569,170.050003051758,0,1,0,0,1,0,0,0,0,"Sub-Saharan Africa"
"173",972,"Tonga",2008,133,10192,2.01483035087585,0.689999997615814,15,40,3.1,0,NA,0,"Royal Dictatorship",0,0,104.880996704102,7755.0567231,0.0600586421787739,28.922259231,17.242124628,5.4381251335144,0.0405814237892628,23.1200008392334,0,0,0,1,0,0,0,1,0,"Oceania"
"174",52,"Trinidad and Tobago",2008,32,32567,0.782276272773743,0.769999980926514,32,49,4.2,0,10,1,"Parliamentary",0,0,1231.32299804688,32220.867578,0.209221720695496,15.235922413,6.759661752,21.8898181915283,63.2241668701172,3.76999998092651,0.471279263496399,1,0,1,0,0,0,1,0,"Latin America"
"175",616,"Tunisia",2008,49,3794,-0.0551150962710381,0.189999997615814,5,18,4.5,0,-4,0,"Military Dictatorship",0,0,10315.8359375,6001.1123045,0.0104108601808548,31.232405066,5.2122676163,6.07608032226562,8.56384658813477,249.239990234375,0,1,1,0,1,0,0,0,0,"Middle East/N. Africa"
"176",640,"Turkey",2008,26,29727,-0.70137220621109,0.490000009536743,29,37,4.8,3375,7,1,"Parliamentary",0,1,75793.8359375,10288.614109,-0.00790052488446236,20.105792065,5.8226262172,11.9944162368774,0.312147557735443,685.929992675781,0.373351991176605,1,1,0,0,0,0,0,0.5,"Middle East/N. Africa"
"177",701,"Turkmenistan",2008,0,5735,0.256269216537476,0.0399999991059303,0,5,1.8,0,-9,0,"Civilian Dictatorship",0,0,4829.33203125,13689.048486,0.113632805645466,14.21283292,9.1808677521,59.7403869628906,164.188812255859,9.11999988555908,0,1,0,0,0,0,1,0,0,"E. Europe/Post-Soviet"
"178",973,"Tuvalu",2008,22,34801,3.84533381462097,0.740000009536743,37,57,4.2,0,NA,1,"Parliamentary",0,0,NA,NA,NA,NA,NA,3.64141035079956,NA,15.2200002670288,NA,0,0,1,0,0,0,1,0,"Oceania"
"179",500,"Uganda",2008,13,49448,-0.755689144134521,0.469999998807907,15,30,3,1875,-1,0,"Civilian Dictatorship",0,0,31367.97265625,1092.5398011,0.0665855258703232,15.628288818,11.106503285,6.36721324920654,6.11416578292847,977.309997558594,0.460022985935211,1,0,1,0,0,0,1,0,"Sub-Saharan Africa"
"180",369,"Ukraine",2008,12,19299,0.0616786405444145,0.469999998807907,29,44,3.1,250,7,1,"Semi-Presidential",0,0,45994.28515625,7418.4776976,0.0526989139616489,18.17562775,5.3223115382,28.5834732055664,5.04962968826294,317.010009765625,0.466690003871918,1,1,0,0,0,1,0,0,"E. Europe/Post-Soviet"
"181",696,"United Arab Emirates",2008,37,11557,1.46611058712006,0.319999992847443,9,17,6.7,0,-8,0,"Royal Dictatorship",0,0,4621.39892578125,64182.352411,-0.0194417461752892,33.271504108,2.6512562152,18.071849822998,36.8374671936035,0,0,0,0,1,0,0,0,0,0,"Middle East/N. Africa"
"182",200,"United Kingdom",2008,793,54408,1.39465296268463,0.819999992847443,40,57,8.2,0,10,1,"Parliamentary",0,0,61642.6015625,35048.553465,-0.0185373276472092,18.991559686,7.0689657831,3.13445115089417,2.41017198562622,0,0.39335298538208,1,1,0,0,0,0,1,1,"W. Europe/U.S./Canada"
"183",2,"United States",2008,219,7762,0.331934094429016,0.829999983310699,38,56,7.8,375,10,1,"Presidential",0,1,304374.84375,42723.795625,-0.0181054770946503,21.747961332,6.6645885204,2.17815160751343,2.16085743904114,0,0.390141427516937,1,0,1,1,1,0,1,0,"W. Europe/U.S./Canada"
"184",165,"Uruguay",2008,23,29911,2.61433291435242,0.699999988079071,39,58,6.9,0,10,1,"Presidential",0,0,3286.3720703125,10607.861925,0.0893659889698029,26.508166688,4.7150978136,7.31994771957397,0.860763251781464,13.5300006866455,0.466804563999176,1,1,0,0,1,0,0,0,"Latin America"
"185",704,"Uzbekistan",2008,16,7941,-0.071514867246151,0.0799999982118607,0,3,2.4,0,-9,0,"Civilian Dictatorship",0,0,27345.025390625,2300.302639,0.0656320750713348,25.370889651,19.608329235,19.8922119140625,80.6147079467773,126.069999694824,0,1,0,0,0,0,1,0,0,"E. Europe/Post-Soviet"
"186",935,"Vanuatu",2008,28,8425,1.95687115192413,0.769999980926514,32,48,5.3,0,NA,1,"Parliamentary",0,0,215.445999145508,6390.5074875,0.0568679645657539,38.248603362,12.198659082,4.76446342468262,0.490130811929703,88.1900024414062,0.0533359870314598,0,0,1,1,0,0,1,0,"Oceania"
"187",101,"Venezuela",2008,9,37344,-0.655507266521454,0.259999990463257,19,28,2.2,0,5,1,"Presidential",0,0,26414.814453125,10168.489171,0.0200636126101017,28.144933782,4.7215899873,30.4564647674561,30.838981628418,46.3499984741211,0.233345001935959,1,1,0,0,1,0,0,0,"Latin America"
"188",816,"Vietnam",2008,16,11344,0.00639177300035954,0.180000007152557,2,19,3,0,-7,0,"Civilian Dictatorship",0,0,87558.359375,2430.4415878,0.0528323315083981,36.786788473,10.779826893,22.1357498168945,15.8996276855469,1663.2900390625,0.106671996414661,1,0,0,1,0,0,0,0,"East Asia"
"189",678,"Yemen Arab Republic",2008,17,9790,-1.00344812870026,0.219999998807907,14,20,3.1,NA,-2,0,"Military Dictatorship",0,0,22222.845703125,2281.7564833,0.00758002838119864,21.922819906,7.97758685,20.3808994293213,33.4860343933105,202.610000610352,NA,1,0,1,0,0,0,1,0,"Middle East/N. Africa"
"190",345,"Yugoslavia",2008,2,19891,1.1058429479599,0.610000014305115,29,47,4.3,0,8,1,"Semi-Presidential",0,0,7413.8818359375,8608.188922,0.0601873248815536,29.315916645,8.4077525604,12.6080150604248,0.969964921474457,566.659973144531,0.522392928600311,1,1,0,0,0,1,0,0,"E. Europe/Post-Soviet"
"191",551,"Zambia",2008,17,30696,0.0423664972186089,0.360000014305115,26,34,3.6,0,7,0,"Civilian Dictatorship",0,0,12694.2265625,1438.4762048,0.023875318467617,23.634740805,11.96188425,12.3312225341797,20.5664672851562,678.099975585938,0.240012004971504,1,0,1,0,0,0,1,0,"Sub-Saharan Africa"
"192",552,"Zimbabwe",2008,29,39976,-1.47993314266205,0.109999999403954,5,9,1.8,937,-4,0,"Civilian Dictatorship",0,0,11350.111328125,275.84461336,-0.0634839683771133,3.2954673101,29.41430844,6.92510509490967,8.75675868988037,512.25,0,1,0,1,0,0,0,1,0,"Sub-Saharan Africa"
